Model,MAE,RMSE,R2,MAPE,SMAPE
线性回归,7.802310891309765,13.699512529859929,0.8981067741793506,88.28521117100858,86.79885259033797
随机森林,5.718820143884892,11.302376989443893,0.9306454973069916,55.35299719182234,38.10968928238211
XGBoost,5.891224543342916,12.171208615302298,0.9195728838677256,51.700329004413895,38.00241211305746
